[{
  "device": {
    "mostRecentData": {
      "carrierName": "No carrier",
      "playStoreClientVersion": 83782520,
      "manufacturer": "Google",
      "modelName": "volteer",
      "deviceName": "volteer_cheets",
      "productName": "volteer",
      "retailBrand": "google",
      "totalMemoryBytes": "6959505408",
      "nativePlatform": ["x86_64", "x86", "arm64-v8a", "armeabi-v7a", "armeabi"],
      "deviceIpCountry": "US",
      "userLocale": "en_US",
      "buildFingerprint": "google/volteer/volteer_cheets:11/R117-15572.57.0/10850515:user/release-keys",
      "androidSdkVersion": "30"
    },
    "dataAtTimeOfUserPlayActivity": {
      "carrierName": "No carrier",
      "manufacturer": "Google",
      "modelName": "volteer",
      "deviceName": "volteer_cheets",
      "productName": "volteer",
      "retailBrand": "google",
      "nativePlatform": ["x86_64", "x86", "arm64-v8a", "armeabi-v7a", "armeabi"],
      "deviceIpCountry": "US",
      "userLocale": "en_US",
      "androidSdkVersion": "30"
    },
    "deviceRegistrationTime": "2023-08-20T14:45:12.740Z",
    "userAddedOnDeviceTime": "2023-10-12T04:40:53.614Z",
    "lastTimeDeviceActive": "2023-10-08T20:16:50.706448Z"
  }
}]