[{
  "install": {
    "doc": {
      "documentType": "Android Apps",
      "title": "Contacts"
    },
    "firstInstallationTime": "2023-10-12T04:41:07.613942Z",
    "deviceAttribute": {
      "model": "volteer",
      "carrier": "No carrier",
      "manufacturer": "Google",
      "deviceDisplayName": "Google volteer"
    },
    "lastUpdateTime": "2023-10-12T04:41:07.613942Z"
  }
},
{
  "install": {
    "doc": {
      "documentType": "Android Apps",
      "title": "Clock"
    },
    "firstInstallationTime": "2023-10-12T04:41:07.613942Z",
    "deviceAttribute": {
      "model": "volteer",
      "carrier": "No carrier",
      "manufacturer": "Google",
      "deviceDisplayName": "Google volteer"
    },
    "lastUpdateTime": "2023-10-12T04:41:07.613942Z"
  }
},
{
  "install": {
    "doc": {
      "documentType": "Android Apps",
      "title": "com.google.android.ext.services"
    },
    "firstInstallationTime": "2023-10-12T04:41:07.613942Z",
    "deviceAttribute": {
      "model": "volteer",
      "carrier": "No carrier",
      "manufacturer": "Google",
      "deviceDisplayName": "Google volteer"
    },
    "lastUpdateTime": "2023-10-12T04:41:07.613942Z"
  }
},
{
  "install": {
    "doc": {
      "documentType": "Android Apps",
      "title": "Google Play services"
    },
    "firstInstallationTime": "2023-10-12T04:41:07.613942Z",
    "deviceAttribute": {
      "model": "volteer",
      "carrier": "No carrier",
      "manufacturer": "Google",
      "deviceDisplayName": "Google volteer"
    },
    "lastUpdateTime": "2023-10-12T04:41:07.613942Z"
  }
},
{
  "install": {
    "doc": {
      "documentType": "Android Apps",
      "title": "com.google.android.permissioncontroller"
    },
    "firstInstallationTime": "2023-10-12T04:41:07.613942Z",
    "deviceAttribute": {
      "model": "volteer",
      "carrier": "No carrier",
      "manufacturer": "Google",
      "deviceDisplayName": "Google volteer"
    },
    "lastUpdateTime": "2023-10-12T04:41:07.613942Z"
  }
},
{
  "install": {
    "doc": {
      "documentType": "Android Apps",
      "title": "Speech Recognition \u0026 Synthesis"
    },
    "firstInstallationTime": "2023-10-12T04:41:07.613942Z",
    "deviceAttribute": {
      "model": "volteer",
      "carrier": "No carrier",
      "manufacturer": "Google",
      "deviceDisplayName": "Google volteer"
    },
    "lastUpdateTime": "2023-10-12T04:41:07.613942Z"
  }
},
{
  "install": {
    "doc": {
      "documentType": "Android Apps",
      "title": "Android System WebView"
    },
    "firstInstallationTime": "2023-10-12T04:41:07.613942Z",
    "deviceAttribute": {
      "model": "volteer",
      "carrier": "No carrier",
      "manufacturer": "Google",
      "deviceDisplayName": "Google volteer"
    },
    "lastUpdateTime": "2023-10-12T04:41:07.613942Z"
  }
}]